{"noimport": [0.288092, 0.330802, 0.445532, 0.286304, 0.336729, 0.627068, 0.521831, 0.335232, 0.244262, 0.360185, 0.255141, 0.268818, 0.284777, 0.247181, 0.26203, 0.252495, 0.252612, 0.268506, 0.251272, 0.294887, 0.259132, 0.338154, 0.3037, 0.295413, 0.270654, 0.264427, 0.26147, 0.298291, 0.278535, 0.284303, 0.261414, 0.300156, 0.305569, 0.279586, 0.274499, 0.416568, 0.408949, 0.424749, 0.366197, 0.264885, 0.271885, 0.264778, 0.276857, 0.265213, 0.261745, 0.260115, 0.238702, 0.263742, 0.243657, 0.246744, 0.24007, 0.252868, 0.254166, 0.241788, 0.241268, 0.252975, 0.261348, 0.256393, 0.2533, 0.296806, 0.263575, 0.353104, 0.255811, 0.255824, 0.234065, 0.250567, 0.25588, 0.267021, 0.250076, 0.259961, 0.26883, 0.292733, 0.288111, 0.298585, 0.274511, 0.296628, 0.268679, 0.318912, 0.280476, 0.263513, 0.261742, 0.257607, 0.27912, 0.306001, 0.269906, 0.287041, 0.250943, 0.280816, 0.261434, 0.306779, 0.277682, 0.271138, 0.300519, 0.284677, 0.271025, 0.270265, 0.276119, 0.283928, 0.278208, 0.267363], "stock": [0.351724, 0.365476, 0.425828, 0.406941, 0.319516, 0.411919, 0.460904, 0.377044, 0.333257, 0.29932, 0.345039, 0.341227, 0.38352, 0.299491, 0.29516, 0.317364, 0.324073, 0.327767, 0.298921, 0.322177, 0.287245, 0.294101, 0.395115, 0.319839, 0.311498, 0.27867, 0.318051, 0.407907, 0.302972, 0.324422, 0.299817, 0.306166, 0.322675, 0.333725, 0.341233, 0.296586, 0.478937, 0.549168, 0.508762, 0.450668, 0.307368, 0.300175, 0.332845, 0.270355, 0.342355, 0.296488, 0.301534, 0.266039, 0.284489, 0.283755, 0.267342, 0.342171, 0.270135, 0.268435, 0.282019, 0.306898, 0.276461, 0.31696, 0.290223, 0.361896, 0.405556, 0.280946, 0.300882, 0.283523, 0.297069, 0.268439, 0.310041, 0.324048, 0.293856, 0.33901, 0.29057, 0.301378, 0.32496, 0.308101, 0.326907, 0.298595, 0.297052, 0.32269, 0.303157, 0.324205, 0.310132, 0.283864, 0.324305, 0.336254, 0.308369, 0.295491, 0.333442, 0.284719, 0.288572, 0.302337, 0.301468, 0.28729, 0.302519, 0.326119, 0.339614, 0.340105, 0.377695, 0.324642, 0.298598, 0.362219]}