{"mine": [1.263603, 1.052192, 1.070581, 1.7075019999999999, 2.284711, 1.886187, 1.889614, 1.3723480000000001, 1.326689, 1.2766060000000001, 0.87919, 0.809428, 0.912644, 0.953366, 0.993055, 0.90308, 0.876645, 0.869542, 0.837549, 0.964846, 1.091499, 1.125109, 0.948467, 0.918296, 0.886007, 0.941757, 0.948798, 0.884632, 0.941473, 0.969033, 0.924136, 0.916742, 0.900133, 0.928104, 0.970986, 0.913527, 0.879522, 1.109188, 2.221586, 1.899748, 1.324598, 1.43408, 1.696138, 1.6523910000000002, 1.151584, 1.407912, 1.302293, 1.056502, 1.267217, 1.097658, 0.853406, 0.932289, 1.039009, 0.957795, 0.857163, 1.015175, 0.984524, 1.243002, 1.5271409999999999, 1.21684, 1.784005, 1.145511, 0.886286, 0.868241, 0.921624, 1.020342, 0.875879, 1.056845, 0.870617, 1.550995, 1.223746, 1.7448890000000001, 1.295576, 1.049962, 1.729074, 1.898234, 1.804891, 1.3268849999999999, 1.71471, 1.034071, 0.889923, 0.978341, 0.919805, 0.886478, 1.108936, 1.1255600000000001, 1.493341, 1.368844, 1.255242, 1.397465, 1.403916, 1.014025, 0.789305, 0.804993, 0.879739, 0.884341, 0.887505, 0.861735, 1.158161, 0.85158, 0.89367], "stock": [1.7503, 1.048493, 1.8390490000000002, 1.996614, 1.9628269999999999, 1.565022, 1.280918, 1.297271, 1.096288, 1.296157, 1.33101, 0.989877, 0.926875, 1.14028, 0.908528, 0.873256, 0.957656, 0.94455, 1.365946, 1.5208, 0.909437, 0.957367, 0.830688, 0.931845, 0.976785, 1.085688, 0.912233, 1.426701, 1.714385, 1.178719, 1.304381, 1.245192, 0.997094, 0.842802, 1.086771, 0.92373, 0.973741, 0.977441, 0.919881, 0.89003, 0.910519, 1.085892, 1.426764, 1.64072, 1.390284, 0.986923, 1.048361, 1.049659, 0.923051, 1.550583, 1.5757379999999999, 1.643573, 1.221452, 0.979028, 0.995806, 0.81606, 0.863523, 1.411158, 1.178583, 0.821536, 0.91093, 0.863729, 0.87116, 0.993668, 0.994383, 1.084474, 1.3851200000000001, 1.178993, 1.036675, 0.849364, 0.804318, 0.836607, 0.838872, 0.928959, 0.9649, 1.220116, 1.354662, 0.83365, 0.953123, 0.885131, 0.859814, 0.930153, 0.939232, 1.004785, 0.946455, 0.982352, 0.928808, 0.891026, 0.942819, 0.860005, 0.929463, 1.1112009999999999, 1.126349, 1.490705, 1.408015, 1.24297, 1.350777, 1.148865, 2.504887, 1.684326, 1.433366]}