{"end_goal": 100, "progress": {"1677592886.398205": 1, "1677592886.959071": 2, "1677592928.972866": 1, "1677593123.142411": 1, "1677593154.054624": 1, "1677593170.413389": 1, "1677593171.326668": 2, "1677593172.306456": 3, "1677593173.073056": 4, "1677593173.711936": 5, "1677593174.3219619": 6, "1677593175.082199": 7, "1677593175.980863": 8, "1677593177.567073": 9, "1677593178.344349": 0, "1677593183.239597": 12, "1677593184.828531": 13, "1677593185.7432718": 14, "1677593186.774525": 15, "1677593190.421359": 16, "1677593195.4461691": 16, "1677593196.6202948": 16, "1677593197.6975622": 16, "1677593199.473653": 16, "1677593200.6084921": 16, "1677593217.2210188": 16, "1677593219.444022": 16, "1677593220.04754": 16, "1677593220.6734211": 16, "1677593221.345152": 16, "1677593221.942951": 16, "1677593222.529585": 16, "1677593223.176843": 16, "1677593223.876578": 16, "1677593224.6289668": 16, "1677593225.332545": 16, "1677593226.0771341": 16, "1677593226.8555741": 16, "1677593227.552598": 16, "1677593228.16114": 16, "1677593228.788618": 16, "1677593229.360162": 16, "1677593230.027555": 16, "1677593230.74546": 16, "1677593231.412699": 16, "1677593232.099293": 16, "1677593232.743768": 16, "1677593233.356359": 16, "1677593233.924723": 16, "1677593234.557018": 16, "1677593235.22424": 16, "1677593235.8235478": 16, "1677593337.297138": 17, "1677593339.973782": 18, "1677593342.39639": 19, "1677593345.70382": 20, "1677593347.073948": 20, "1677593348.025814": 20, "1677593348.8569658": 20, "1677593349.535715": 20, "1677593350.188501": 20, "1677593350.802725": 20, "1677593351.421581": 20, "1677593352.059422": 20, "1677593352.63475": 20, "1677593353.168152": 20, "1677593354.004241": 20, "1677593354.559823": 20, "1677593355.120634": 20, "1677593355.64157": 20, "1677593356.133876": 20, "1677593356.6615849": 20, "1677593357.150383": 20, "1677593357.640171": 20, "1677593358.1226501": 20, "1677593358.6241012": 20, "1677593359.1465962": 20, "1677593359.687608": 20, "1677593360.168504": 20, "1677593360.672595": 20, "1677593361.144788": 20, "1677593361.62215": 20, "1677593362.1369522": 20, "1677593362.5835981": 20, "1677593363.3134358": 20, "1677593364.853328": 20, "1677593365.578509": 202, "1677593366.571475": 20, "1677593367.414935": 20, "1677593368.058814": 20, "1677593368.62391": 20, "1677593369.211137": 20, "1677593369.778281": 20, "1677593370.477767": 20, "1677593371.06729": 20, "1677593371.5404701": 20, "1677593372.093848": 20, "1677593372.587338": 20, "1677593373.058645": 20, "1677593373.6194718": 20, "1677593374.5427258": 20, "1677593584.468263": 1, "1677593644.9826229": 1, "1677593693.170926": 8, "1677593782.5621471": 8, "1677593803.4038951": 9, "1677593804.4424288": 9, "1677593805.068647": 9, "1677593805.589699": 9, "1677593806.1088169": 9, "1677593806.630743": 9, "1677593807.135696": 9, "1677593807.651655": 9, "1677593808.262094": 9, "1677593808.755053": 9, "1677594128.540163": 9, "1677594131.442934": 10, "1677594144.433435": 10, "1677594159.332148": 11, "1677594160.843196": 12, "1677594162.133742": 13, "1677594163.1481311": 14, "1677594164.0966349": 15, "1677594165.2966888": 16, "1677594167.22875": 100, "1677594317.558495": 10, "1677594320.512023": 13, "1677594339.135419": 14, "1677594346.758781": 12, "1677594360.466634": 13, "1677594361.488992": 14, "1677594362.9326751": 15, "1677594364.596218": 16, "1677594365.988941": 17, "1677594379.6774201": 14, "1677594381.545123": 13, "1677594382.959509": 13, "1677594388.9100318": 13, "1677594391.6953118": 13, "1677594392.950919": 13, "1677594393.774028": 13, "1677594395.181437": 13, "1677594395.9253628": 13, "1677594397.074073": 13, "1677594397.847986": 13, "1677594399.159549": 13, "1677594399.9421399": 13, "1677594461.230635": 0, "1677594466.746476": 0, "1677594467.414954": 0, "1677594467.956223": 0, "1677594468.416961": 0, "1677594468.924557": 0, "1677594478.555864": 0, "1677594479.080908": 0, "1677594479.401408": 0, "1677594479.672351": 0, "1677594479.955851": 0, "1677594480.407867": 0, "1677594480.761641": 0, "1677594481.547447": 0, "1677594482.244364": 1, "1677594484.803166": 2, "1677594485.394422": 3, "1677594485.923212": 4, "1677594486.447901": 5, "1677594486.9714088": 6, "1677594487.497078": 7, "1677594487.996438": 8, "1677594488.4901812": 9, "1677594489.060831": 0, "1677594490.756902": 11, "1677594491.548507": 12, "1677594492.381813": 13, "1677594493.121653": 14, "1677594493.9393249": 15, "1677594494.861038": 16, "1677594495.595419": 17, "1677594496.758317": 18, "1677594497.5631738": 1, "1677594499.653991": 19, "1677594501.223957": 20, "1677594502.490311": 12, "1677594506.959706": 11, "1677594508.049703": 12, "1677594508.811983": 13, "1677594509.521129": 14, "1677594510.5897212": 15, "1677594511.261206": 16, "1677594512.0277052": 17, "1677594513.607973": 18, "1677594514.694612": 19, "1677594515.9441972": 20, "1677594517.0132449": 21, "1677594517.792657": 22, "1677594518.459996": 23, "1677594519.989374": 24, "1677594521.854364": 25, "1677594799.723571": 11, "1677594921.5014331": 1}}